id,first_name,last_name,email,gender,ip_address,airport code,time,status,mobile,area,show,edit
1,Lonnie,O' Connell,loconnell0@hao123.com,Male,163.42.164.152,OGO,7/10/2022,TRUE,707-462-9538,9 Coleman Trail,FALSE,FALSE
2,Nikolos,Botler,nbotler1@wikipedia.org,Male,116.251.170.231,CBB,12/25/2021,FALSE,240-316-9224,6545 Waxwing Road,FALSE,FALSE
3,Burgess,Caddens,bcaddens2@accuweather.com,Polygender,126.177.211.243,UKS,2/24/2022,FALSE,435-749-4095,49260 Golf Course Court,FALSE,TRUE
4,Elissa,Lesslie,elesslie3@blog.com,Female,163.18.115.96,SFE,3/13/2022,FALSE,877-992-0858,65014 Gulseth Trail,FALSE,FALSE
5,Donaugh,Nusche,dnusche4@newsvine.com,Male,63.202.238.236,VAW,6/2/2022,TRUE,419-777-9236,047 Anzinger Terrace,TRUE,FALSE
6,Guillaume,Edgcumbe,gedgcumbe5@ycombinator.com,Male,134.249.161.241,NOV,11/24/2022,TRUE,100-187-2648,262 Spohn Trail,FALSE,FALSE
7,Berti,Coldbath,bcoldbath6@un.org,Male,130.30.122.132,PHK,6/8/2022,TRUE,292-925-7639,5167 Surrey Junction,TRUE,TRUE
8,Daune,Brumen,dbrumen7@si.edu,Female,250.92.132.133,ZMH,8/17/2022,FALSE,467-673-4051,3076 Toban Avenue,FALSE,FALSE
9,Aigneis,De Ruel,aderuel8@unicef.org,Female,99.140.129.80,HUN,8/31/2022,FALSE,192-951-6084,6 Union Drive,TRUE,TRUE
10,Khalil,McQuorkel,kmcquorkel9@zdnet.com,Male,172.193.34.60,CSA,10/25/2022,FALSE,294-898-9568,708 Straubel Pass,FALSE,FALSE
11,Xylina,Coom,xcooma@msu.edu,Female,65.171.59.54,QRY,8/3/2022,FALSE,411-396-4207,789 Boyd Terrace,TRUE,FALSE
12,Phillipp,Templeton,ptempletonb@dagondesign.com,Male,6.58.113.79,YOA,5/9/2022,TRUE,978-733-1669,641 Eagan Crossing,TRUE,FALSE
13,Janela,Harniman,jharnimanc@t-online.de,Female,180.22.90.230,CVQ,9/24/2022,TRUE,179-908-3854,31078 Mallory Park,TRUE,TRUE
14,Hamid,Dyster,hdysterd@cornell.edu,Male,61.88.24.2,IKL,12/26/2021,TRUE,694-480-0182,8295 International Plaza,TRUE,FALSE
15,Federica,Richel,frichele@ask.com,Female,183.113.111.234,MGG,10/2/2022,TRUE,614-699-8295,267 Cordelia Court,FALSE,FALSE
16,Rebe,Leipold,rleipoldf@bloglovin.com,Polygender,49.255.10.149,RRK,7/10/2022,TRUE,445-992-5668,196 Truax Lane,TRUE,TRUE
17,Rozina,Mattock,rmattockg@cisco.com,Female,190.112.193.84,HTW,5/11/2022,FALSE,361-580-7808,7126 Bartelt Drive,FALSE,FALSE
18,Raffarty,Kidwell,rkidwellh@washington.edu,Male,213.255.228.78,FKN,5/10/2022,FALSE,435-771-2224,55527 Shopko Pass,FALSE,TRUE
19,Ermina,Croucher,ecroucheri@prlog.org,Polygender,44.244.212.103,CMH,11/24/2022,TRUE,929-930-9264,9 Algoma Parkway,TRUE,FALSE
20,Virgie,Zuppa,vzuppaj@usa.gov,Male,103.60.243.234,PUN,5/27/2022,TRUE,957-265-4315,1162 Bowman Center,TRUE,FALSE
21,Eryn,L'Hommeau,elhommeauk@berkeley.edu,Female,115.252.199.72,QVR,9/12/2022,TRUE,215-948-5791,74662 High Crossing Pass,FALSE,FALSE
22,Marmaduke,Capaldo,mcapaldol@gmpg.org,Male,165.96.43.70,VPY,4/10/2022,FALSE,433-519-9175,98913 Corscot Alley,FALSE,FALSE
23,Rosalia,Humes,rhumesm@hhs.gov,Female,156.212.248.11,SKR,2/1/2022,TRUE,799-773-0144,172 Buena Vista Parkway,TRUE,FALSE
24,Vin,Arkle,varklen@time.com,Male,194.140.178.233,GOT,5/6/2022,FALSE,994-130-4127,609 Dryden Trail,TRUE,TRUE
25,Hollyanne,Schaumann,hschaumanno@nasa.gov,Female,32.105.42.36,XAR,5/24/2022,TRUE,322-793-8279,5 Schmedeman Point,FALSE,FALSE
26,Ransom,Tubritt,rtubrittp@purevolume.com,Bigender,41.51.38.166,TEP,7/1/2022,TRUE,730-814-7105,48591 Bashford Park,TRUE,FALSE
27,Ali,Pont,apontq@seattletimes.com,Female,232.12.5.48,PVK,2/23/2022,TRUE,267-509-9238,165 Manley Trail,TRUE,FALSE
28,Angus,Gresser,agresserr@squidoo.com,Male,92.222.167.226,BGA,11/9/2022,TRUE,772-696-6954,711 Rusk Pass,FALSE,TRUE
29,Liam,Waite,lwaites@earthlink.net,Male,237.211.29.167,HRM,3/22/2022,TRUE,143-447-7237,54106 Eggendart Road,TRUE,TRUE
30,Godwin,Pacheco,gpachecot@loc.gov,Male,15.220.247.191,LDO,2/13/2022,FALSE,355-376-3513,94 Tennessee Junction,FALSE,FALSE
31,Hussein,Bernot,hbernotu@theguardian.com,Male,34.100.163.232,XIN,4/24/2022,TRUE,250-272-3899,09 Fremont Circle,TRUE,FALSE
32,Findley,Alywin,falywinv@hexun.com,Male,162.106.223.235,QGP,12/14/2021,FALSE,679-748-8145,5 Homewood Road,FALSE,FALSE
33,Barth,Sacher,bsacherw@rambler.ru,Male,47.83.92.180,HUV,6/1/2022,FALSE,992-102-6302,64 Johnson Crossing,FALSE,FALSE
34,Ernestine,O'Neal,eonealx@patch.com,Female,241.66.234.15,MTA,5/1/2022,FALSE,340-644-1469,6 Saint Paul Court,TRUE,FALSE
35,Jandy,Titchen,jtitcheny@wikispaces.com,Female,221.234.160.167,IEG,10/15/2022,TRUE,173-427-0443,55 Russell Circle,TRUE,FALSE
36,Ellynn,Corzor,ecorzorz@usatoday.com,Female,82.17.103.11,GYG,7/22/2022,TRUE,677-988-2055,71 Dunning Pass,FALSE,TRUE
37,Orel,Beadle,obeadle10@digg.com,Female,225.76.215.255,XRY,6/25/2022,FALSE,474-359-7710,9488 Valley Edge Hill,FALSE,TRUE
38,North,Halms,nhalms11@squidoo.com,Male,53.38.184.72,MFB,11/10/2022,TRUE,410-395-4287,466 Westerfield Point,TRUE,FALSE
39,Walther,Richardson,wrichardson12@princeton.edu,Male,160.30.226.185,TTO,8/13/2022,TRUE,814-511-1460,4 Texas Trail,TRUE,TRUE
40,Blancha,Lefridge,blefridge13@biblegateway.com,Female,164.20.75.197,DKI,10/29/2022,TRUE,988-983-2725,844 Washington Road,TRUE,TRUE
41,Matti,Boncore,mboncore14@addtoany.com,Female,79.211.151.234,SHS,1/13/2022,TRUE,231-109-5204,45 Hansons Hill,TRUE,FALSE
42,Erik,Richt,ericht15@qq.com,Male,35.39.154.14,NDG,1/4/2022,TRUE,101-730-8823,1161 Forster Park,TRUE,TRUE
43,Sidonnie,Curson,scurson16@google.co.jp,Female,94.48.147.216,OMS,6/17/2022,TRUE,925-291-3451,42024 Scofield Street,TRUE,FALSE
44,Ermentrude,Ordelt,eordelt17@hud.gov,Female,173.97.103.242,WUU,1/23/2022,TRUE,636-258-4576,7625 Sundown Place,TRUE,TRUE
45,Amos,Redd,aredd18@mail.ru,Male,100.161.79.55,TIP,9/27/2022,TRUE,813-314-0163,0 Sugar Avenue,TRUE,TRUE
46,Shaughn,Russon,srusson19@squidoo.com,Male,142.240.189.61,MAD,1/18/2022,FALSE,176-722-4156,0392 Derek Alley,TRUE,FALSE
47,Frans,Albiston,falbiston1a@phpbb.com,Male,131.241.104.200,YQR,12/18/2021,FALSE,833-657-5677,18845 Thackeray Street,TRUE,FALSE
48,Priscilla,Buckley,pbuckley1b@cornell.edu,Female,249.116.245.108,AXS,1/29/2022,FALSE,904-986-5580,43 Merry Crossing,TRUE,TRUE
49,Anastasie,Ekins,aekins1c@php.net,Female,249.167.17.233,IAS,11/17/2022,TRUE,258-170-8566,65 Nelson Place,FALSE,FALSE
50,Dunn,Brocking,dbrocking1d@amazon.co.jp,Male,100.114.28.23,CBG,8/8/2022,TRUE,182-532-5686,350 Debs Circle,FALSE,TRUE
51,Lorinda,Streets,lstreets1e@bbc.co.uk,Female,247.186.90.23,EOZ,5/11/2022,FALSE,245-746-3422,5 Oak Valley Parkway,FALSE,TRUE
52,Michaeline,Settle,msettle1f@bloglovin.com,Female,215.220.202.208,TET,11/9/2022,TRUE,161-540-1638,08 Green Ridge Hill,FALSE,FALSE
53,Laney,Ledur,lledur1g@unesco.org,Male,70.125.49.60,KDN,10/17/2022,TRUE,324-630-3034,6 Almo Plaza,FALSE,TRUE
54,Fianna,Curcher,fcurcher1h@npr.org,Female,116.75.35.16,HPT,10/1/2022,FALSE,761-744-9586,758 Acker Pass,TRUE,TRUE
55,Dmitri,Thunderman,dthunderman1i@economist.com,Male,7.8.196.177,BVM,5/23/2022,FALSE,842-238-7525,6 Old Gate Parkway,FALSE,TRUE
56,Karlene,Copin,kcopin1j@free.fr,Female,171.210.144.216,PCB,1/10/2022,FALSE,187-665-1483,82909 Orin Junction,TRUE,FALSE
57,Somerset,Wheble,swheble1k@hao123.com,Male,177.144.246.201,HIB,6/25/2022,FALSE,711-245-3109,93 Anhalt Center,FALSE,FALSE
58,Julita,Kenward,jkenward1l@51.la,Female,62.221.145.159,ORV,3/14/2022,FALSE,151-237-4141,32 Arizona Junction,TRUE,FALSE
59,Izaak,Grennan,igrennan1m@studiopress.com,Male,216.6.178.199,KBN,3/24/2022,FALSE,500-964-5625,10 Brown Plaza,FALSE,TRUE
60,Jozef,Collings,jcollings1n@unblog.fr,Male,106.178.77.44,PYR,12/15/2021,FALSE,763-680-7533,5924 Haas Hill,FALSE,TRUE
61,Si,Hehir,shehir1o@friendfeed.com,Male,21.215.94.119,HBG,7/3/2022,FALSE,980-579-1417,26346 Merrick Place,TRUE,TRUE
62,Nilson,Alldread,nalldread1p@creativecommons.org,Male,86.207.250.119,SRE,8/4/2022,FALSE,832-787-2127,37 Kedzie Parkway,FALSE,FALSE
63,Dorothee,Gelardi,dgelardi1q@sphinn.com,Female,114.152.230.46,UBP,11/28/2022,FALSE,372-284-8952,144 Glacier Hill Hill,FALSE,TRUE
64,Creighton,Langlois,clanglois1r@php.net,Male,47.165.116.4,LBM,4/5/2022,TRUE,390-580-9920,4 Kropf Road,TRUE,FALSE
65,Mac,de Banke,mdebanke1s@yellowbook.com,Male,243.217.42.151,ONG,10/16/2022,FALSE,500-513-8879,8 Spohn Junction,TRUE,FALSE
66,Othilie,Chaucer,ochaucer1t@mozilla.org,Genderqueer,185.207.93.176,IRC,12/29/2021,FALSE,757-566-5544,88 Amoth Hill,TRUE,FALSE
67,Salvidor,Caze,scaze1u@nationalgeographic.com,Male,209.218.233.62,MCE,7/4/2022,FALSE,913-866-8369,806 7th Road,FALSE,FALSE
68,Corbet,Luard,cluard1v@stumbleupon.com,Male,75.177.244.221,CBI,8/22/2022,FALSE,382-644-6490,4 Merrick Trail,FALSE,FALSE
69,Roddie,Golds,rgolds1w@topsy.com,Male,145.216.11.99,KGO,5/27/2022,TRUE,123-905-3792,89727 Marcy Hill,TRUE,FALSE
70,Wells,St. Pierre,wstpierre1x@mozilla.com,Male,215.185.68.161,SCC,4/5/2022,TRUE,937-474-2108,5 Graedel Point,FALSE,TRUE
71,Branden,Alvarado,balvarado1y@cdbaby.com,Male,63.6.246.90,SPW,4/29/2022,TRUE,819-554-7746,2140 Cody Crossing,TRUE,FALSE
72,Garvin,Berecloth,gberecloth1z@google.ru,Male,92.239.205.22,IXG,8/30/2022,TRUE,616-114-9901,7372 Killdeer Lane,TRUE,FALSE
73,Tomi,Kilgrew,tkilgrew20@unesco.org,Female,193.114.14.47,CHG,5/17/2022,TRUE,830-293-0843,682 Killdeer Trail,FALSE,TRUE
74,Bettye,Carnson,bcarnson21@google.cn,Female,106.14.138.49,UPL,11/6/2021,FALSE,783-207-0588,41 Mariners Cove Hill,TRUE,TRUE
75,Sholom,Dumper,sdumper22@scribd.com,Male,62.47.33.191,WPK,4/27/2022,FALSE,593-833-6062,12822 Springs Circle,FALSE,TRUE
76,Giorgia,Newrick,gnewrick23@rakuten.co.jp,Female,177.164.129.187,NIO,7/18/2022,TRUE,981-341-7954,80 Brentwood Street,TRUE,FALSE
77,Reece,Killingsworth,rkillingsworth24@pcworld.com,Male,33.254.193.3,SFX,4/8/2022,FALSE,243-295-6548,02880 Portage Pass,FALSE,TRUE
78,Carly,Boich,cboich25@netvibes.com,Female,184.213.163.222,CNH,4/1/2022,FALSE,856-426-0826,45 Oak Valley Hill,TRUE,TRUE
79,Cos,Corten,ccorten26@imdb.com,Male,124.1.61.158,LPT,2/16/2022,FALSE,613-368-3194,07 Debra Drive,FALSE,FALSE
80,Franny,Tennewell,ftennewell27@a8.net,Bigender,57.38.212.112,BQL,4/3/2022,TRUE,908-972-2555,8586 Mitchell Crossing,TRUE,FALSE
81,North,Jays,njays28@furl.net,Male,167.48.13.116,TGA,4/10/2022,TRUE,844-146-8619,8473 Sullivan Point,FALSE,TRUE
82,Chelsae,Caw,ccaw29@spotify.com,Genderqueer,94.90.71.179,BXB,12/14/2021,FALSE,356-484-7734,97 John Wall Place,TRUE,TRUE
83,Granny,Looker,glooker2a@technorati.com,Male,113.86.208.226,KNR,11/14/2021,TRUE,470-804-2380,95 Bayside Junction,TRUE,TRUE
84,Velvet,Blethin,vblethin2b@nih.gov,Female,51.40.20.112,BRO,8/4/2022,TRUE,322-767-1391,4 Charing Cross Way,TRUE,TRUE
85,Hillyer,Trippitt,htrippitt2c@constantcontact.com,Male,26.182.137.201,LEV,1/15/2022,FALSE,779-350-6159,1951 Hintze Street,TRUE,TRUE
86,Annora,Teeney,ateeney2d@nationalgeographic.com,Female,202.175.87.66,CGP,11/27/2021,TRUE,156-704-2070,73869 Mendota Avenue,TRUE,FALSE
87,Amery,Vasyutin,avasyutin2e@google.com.au,Male,232.50.173.16,HTS,11/26/2021,TRUE,636-716-7218,5342 New Castle Drive,TRUE,FALSE
88,Dougie,Iiannone,diiannone2f@vinaora.com,Male,78.32.181.142,CKE,8/22/2022,FALSE,525-204-3241,11857 Monument Pass,TRUE,FALSE
89,Wainwright,Coombs,wcoombs2g@netscape.com,Male,233.30.35.81,ZUM,4/29/2022,TRUE,403-662-3636,0 Northridge Avenue,FALSE,FALSE
90,Alexandrina,Farlow,afarlow2h@delicious.com,Female,139.119.14.201,KDN,12/19/2021,TRUE,646-205-1116,74 Shelley Center,FALSE,FALSE
91,Costa,Ruske,cruske2i@cdbaby.com,Male,215.25.144.171,CUU,10/11/2022,TRUE,314-297-8121,58 Sutteridge Plaza,FALSE,TRUE
92,Karil,Blamey,kblamey2j@yale.edu,Female,108.132.163.130,XNG,9/12/2022,FALSE,226-892-8227,3793 Continental Alley,FALSE,FALSE
93,Aldwin,Plenty,aplenty2k@seesaa.net,Male,43.246.252.192,ADC,11/5/2022,FALSE,578-155-5426,1082 Charing Cross Hill,TRUE,TRUE
94,Gwendolen,Duerdin,gduerdin2l@umich.edu,Female,222.199.152.229,TTE,12/2/2021,FALSE,497-776-9498,42 Mccormick Place,TRUE,TRUE
95,Camellia,Rhymer,crhymer2m@economist.com,Female,124.191.75.110,LOW,7/6/2022,TRUE,817-929-8305,6 Badeau Pass,FALSE,TRUE
96,Webb,Spruce,wspruce2n@washingtonpost.com,Male,129.200.134.134,HNH,10/5/2022,FALSE,743-482-1273,21143 Schmedeman Way,FALSE,FALSE
97,Marv,Cragg,mcragg2o@mlb.com,Male,100.238.64.46,AXV,10/8/2022,TRUE,480-664-7539,0308 Dawn Terrace,FALSE,TRUE
98,Saunderson,Weston,sweston2p@pbs.org,Male,236.130.198.148,MIZ,6/28/2022,FALSE,823-450-9719,1 Ohio Place,TRUE,FALSE
99,Lionel,Beedie,lbeedie2q@chron.com,Male,43.183.53.122,TBH,11/7/2022,FALSE,717-482-7772,55 Sugar Plaza,FALSE,TRUE
100,Reuben,Tesyro,rtesyro2r@fotki.com,Polygender,124.233.62.26,CMU,1/8/2022,TRUE,287-143-2240,3996 Vera Street,FALSE,FALSE